{
    "1": [
        [
            0.16204678845020215,
            -0.09974797295817876,
            -0.024423965728361953,
            -0.003244343680948357,
            0.0031916283393757824,
            0.0,
            0.0,
            0.0,
            0.0,
            0.0
        ]
    ],
    "2": [
        [
            0.14271164031893266,
            -0.13297988444211656,
            0.07653907100563886,
            -0.0008478447916387994,
            -0.011188158809326746,
            0.0,
            0.0,
            0.0,
            0.0,
            0.0
        ]
    ],
    "3": [
        [
            0.07625902061012463,
            -0.15301946312918446,
            0.08394940173087495,
            -0.006789345466014083,
            0.00871306375055351,
            0.0,
            0.0,
            0.0,
            0.0,
            0.0
        ]
    ],
    "4": [
        [
            0.13159175340806115,
            -0.04650290230749757,
            0.09615114102665395,
            -0.017776347407554852,
            -0.03182761515486411,
            0.0,
            0.0,
            0.0,
            0.0,
            0.0
        ]
    ],
    "5": [
        [
            0.08307068507105993,
            0.0682625181737639,
            0.10032832965568815,
            -0.0262717036779217,
            -0.04343182960172523,
            0.0,
            0.0,
            0.0,
            0.0,
            0.0
        ]
    ],
    "6": [
        [
            0.15979786403693774,
            0.04262329984646682,
            0.10518933622682036,
            -0.0328227640831325,
            -0.05918278206134291,
            0.0,
            0.0,
            0.0,
            0.0,
            0.0
        ]
    ],
    "7": [
        [
            0.25542972045510853,
            0.004183554850613502,
            0.10580661269318421,
            -0.041071515921025294,
            -0.07051994116120429,
            0.0,
            0.0,
            0.0,
            0.0,
            0.0
        ]
    ],
    "8": [
        [
            0.12925558064962892,
            -0.03302729843332899,
            0.04692931202945644,
            -0.0027871852109293688,
            -0.034222595917183796,
            0.0,
            0.0,
            0.0,
            0.0,
            0.0
        ]
    ],
    "9": [
        [
            0.0914496451909628,
            -0.0263623318276974,
            0.016595840757671187,
            -0.003063861654629968,
            -0.02716190940508092,
            0.0,
            0.0,
            0.0,
            0.0,
            0.0
        ]
    ],
    "10": [
        [
            0.0924939261604889,
            -0.00580754746044756,
            0.017228940663072994,
            0.003995062629392733,
            -0.037578090297536795,
            0.0,
            0.0,
            0.0,
            0.0,
            0.0
        ]
    ],
    "11": [
        [
            0.17681237169526004,
            0.010798686376436608,
            -0.03180522001839273,
            -0.017937382928665348,
            -0.03539849021745909,
            0.0,
            0.0,
            0.0,
            0.0,
            0.0
        ]
    ],
    "12": [
        [
            0.18685526404435363,
            -0.06122923560628779,
            -0.07023975679328105,
            -0.0067517489698429856,
            -0.026504173545274536,
            0.0,
            0.0,
            0.0,
            0.0,
            0.0
        ]
    ],
    "13": [
        [
            0.12592781655037275,
            0.06099052287097961,
            -0.0856577500337775,
            -0.018426679580001448,
            -0.02504782955692644,
            0.0,
            0.0,
            0.0,
            0.0,
            0.0
        ]
    ],
    "14": [
        [
            0.13039743022089234,
            -0.04073797077348872,
            -0.10582876981786689,
            -0.017993487392020176,
            -0.0011466289621124282,
            0.0,
            0.0,
            0.0,
            0.0,
            0.0
        ]
    ],
    "15": [
        [
            0.228351998287857,
            -0.1813685156282394,
            -0.06504296873237368,
            -0.026355328740637753,
            0.013740971858686427,
            0.0,
            0.0,
            0.0,
            0.0,
            0.0
        ]
    ],
    "16": [
        [
            0.11543509863150747,
            -0.07271870593460918,
            -0.09375958707304527,
            0.012493204076227078,
            0.021420491513444544,
            0.0,
            0.0,
            0.0,
            0.0,
            0.0
        ]
    ],
    "17": [
        [
            0.10673063142152116,
            0.07748229658251049,
            -0.07303263789217017,
            -0.061291870401650454,
            0.006426239148379082,
            0.0,
            0.0,
            0.0,
            0.0,
            0.0
        ]
    ]
}