{
    "1": [
        [
            0.14319835541148979,
            0.09056998727222283,
            0.09038703826566537,
            -0.02676139321799079,
            -0.04054356195653478,
            -0.04560515439758698,
            0.0,
            0.0,
            0.0,
            0.0,
            0.0,
            0.0
        ]
    ],
    "2": [
        [
            0.1315993237379492,
            0.2959582078340949,
            0.002616023558706132,
            -0.07885211155977838,
            -0.045657877896398226,
            -0.06007365891006581,
            0.0,
            0.0,
            0.0,
            0.0,
            0.0,
            0.0
        ]
    ],
    "3": [
        [
            0.08832193997416955,
            0.07660318997416955,
            0.022111003219227616,
            -0.01909993502583044,
            -0.017830403764188908,
            -0.04439290340330141,
            0.0,
            0.0,
            0.0,
            0.0,
            0.0,
            0.0
        ]
    ],
    "4": [
        [
            0.1563079421345416,
            -0.009883111907887118,
            -0.032083836483555686,
            -0.035614672216373336,
            -0.012833535072180286,
            -0.016751310189041153,
            0.0,
            0.0,
            0.0,
            0.0,
            0.0,
            0.0
        ]
    ],
    "5": [
        [
            0.1240176411744566,
            -0.09619490034613894,
            -0.0415816267553358,
            -0.01673821709785746,
            0.004727050888201726,
            0.002615713063884567,
            0.0,
            0.0,
            0.0,
            0.0,
            0.0,
            0.0
        ]
    ],
    "6": [
        [
            0.20356934567462304,
            -0.12426495502222679,
            -0.056229553618322825,
            -0.024379351609240985,
            0.007169807828176994,
            0.0031960583619365848,
            0.0,
            0.0,
            0.0,
            0.0,
            0.0,
            0.0
        ]
    ],
    "7": [
        [
            0.3078639472805662,
            -0.11744696246751118,
            -0.11174103962548543,
            -0.04092904152639676,
            -0.0033284581295447537,
            0.00471835983626079,
            0.0,
            0.0,
            0.0,
            0.0,
            0.0,
            0.0
        ]
    ],
    "8": [
        [
            0.15744211196579272,
            -0.1036105263265199,
            -0.07055789560399718,
            -0.02554736987076467,
            0.008684209991770327,
            0.011968420330958907,
            0.0,
            0.0,
            0.0,
            0.0,
            0.0,
            0.0
        ]
    ],
    "9": [
        [
            0.11471721407724544,
            -0.13206967088626698,
            -0.05525389435933903,
            -0.027855270833242685,
            0.023753776855301112,
            0.01319285278441384,
            0.0,
            0.0,
            0.0,
            0.0,
            0.0,
            0.0
        ]
    ],
    "10": [
        [
            0.11103328997948361,
            -0.022788491745207768,
            -0.11103329126975343,
            -0.06707251136443422,
            0.023434974539365303,
            0.014384225762720838,
            0.0,
            0.0,
            0.0,
            0.0,
            0.0,
            0.0
        ]
    ],
    "11": [
        [
            0.18001029232982546,
            0.04303393478039653,
            -0.09485014935489744,
            -0.054365422925911844,
            -0.0010363248875364661,
            -0.004349536611698571,
            0.0,
            0.0,
            0.0,
            0.0,
            0.0,
            0.0
        ]
    ],
    "12": [
        [
            0.16596523420109102,
            0.15987003342403722,
            -0.10086912914024045,
            -0.07997129737244298,
            0.001588299210804197,
            -0.018148542110187314,
            0.0,
            0.0,
            0.0,
            0.0,
            0.0,
            0.0
        ]
    ],
    "13": [
        [
            0.09631040335807484,
            0.19313779861840885,
            -0.046692581687239,
            -0.07582718117919285,
            0.0007394889107672451,
            -0.02281948663585354,
            0.0,
            0.0,
            0.0,
            0.0,
            0.0,
            0.0
        ]
    ],
    "14": [
        [
            0.07542772661448299,
            0.46532867174149334,
            -0.11408017505406556,
            -0.11271952767371354,
            -0.013014334481946815,
            -0.04098319162828072,
            0.0,
            0.0,
            0.0,
            0.0,
            0.0,
            0.0
        ]
    ],
    "15": [
        [
            0.1901911132057042,
            0.12703766748503162,
            0.09305789396360827,
            -0.079117479918447,
            -0.01975829079553175,
            -0.0505340077894895,
            0.0,
            0.0,
            0.0,
            0.0,
            0.0,
            0.0
        ]
    ],
    "16": [
        [
            0.10737420831962177,
            -0.08946631635384013,
            0.1392197406773145,
            -0.13209419484095025,
            -0.022390087794822953,
            -0.01624665754692008,
            0.0,
            0.0,
            0.0,
            0.0,
            0.0,
            0.0
        ]
    ],
    "17": [
        [
            0.05173448007553816,
            0.3344635097309947,
            0.012362766079604634,
            0.017967524938285358,
            0.0005304915830493019,
            -0.06305932346731424,
            0.0,
            0.0,
            0.0,
            0.0,
            0.0,
            0.0
        ]
    ]
}