{
    "1": [
        [
            0.181429547702495,
            -0.07219486862042465,
            -0.1364876274702626,
            -0.009753858517341809,
            0.015583027617428993,
            0.012511407611399279,
            -0.009508784792886867,
            -0.0048531227335991915,
            0.0,
            0.0,
            0.0,
            0.0,
            0.0,
            0.0,
            0.0,
            0.0
        ]
    ],
    "2": [
        [
            0.1801079576519471,
            0.4150627218209731,
            -0.15231095007410927,
            -0.0482559126044434,
            -0.07908132418870178,
            0.022175352397499418,
            -0.04965644304510776,
            -0.03400743346544856,
            0.0,
            0.0,
            0.0,
            0.0,
            0.0,
            0.0,
            0.0,
            0.0
        ]
    ],
    "3": [
        [
            0.11804123391858529,
            -0.1986894582258778,
            -0.1127705692720261,
            0.009416062963375767,
            -0.021245762877126952,
            0.04696924728348721,
            -0.0011434571373313829,
            0.012062229159099476,
            0.0,
            0.0,
            0.0,
            0.0,
            0.0,
            0.0,
            0.0,
            0.0
        ]
    ],
    "4": [
        [
            0.17604168124890496,
            -0.07081644695344852,
            -0.050490601156695916,
            -0.06660611664308119,
            -0.05861938741456927,
            0.0293287265278106,
            0.010038025958281028,
            0.007933242712143867,
            0.0,
            0.0,
            0.0,
            0.0,
            0.0,
            0.0,
            0.0,
            0.0
        ]
    ],
    "5": [
        [
            0.1315366141250045,
            -0.1972337942279715,
            -0.0630558602253272,
            -0.035282794190363724,
            -0.04742607086520284,
            0.0402219991806714,
            0.029211361218358208,
            0.016541255734662082,
            0.0,
            0.0,
            0.0,
            0.0,
            0.0,
            0.0,
            0.0,
            0.0
        ]
    ],
    "6": [
        [
            0.20731516193972171,
            -0.3020361805160413,
            0.004232515596300808,
            -0.0625370708722432,
            -0.06339167763763728,
            0.03795950910738223,
            0.03279301283230598,
            0.02169631734487055,
            0.0,
            0.0,
            0.0,
            0.0,
            0.0,
            0.0,
            0.0,
            0.0
        ]
    ],
    "7": [
        [
            0.28810087001594176,
            -0.12535412243010785,
            0.12916225526491779,
            -0.07088337674368132,
            -0.09878276420414131,
            0.00699922599008748,
            0.0011454937035560546,
            -0.0012909373336077324,
            0.0,
            0.0,
            0.0,
            0.0,
            0.0,
            0.0,
            0.0,
            0.0
        ]
    ],
    "8": [
        [
            0.13684605985494966,
            -0.0016294563170178317,
            0.10181343908667356,
            -0.0479245161216072,
            -0.05782329082278656,
            0.0007750968905416511,
            -0.004326941828119947,
            -0.007187054024925573,
            0.0,
            0.0,
            0.0,
            0.0,
            0.0,
            0.0,
            0.0,
            0.0
        ]
    ],
    "9": [
        [
            0.08617501505597402,
            0.097715895567666,
            0.1167493277812699,
            -0.04521611845083906,
            -0.0642686547755984,
            0.0006951528947901145,
            -0.0213999861518305,
            -0.0097700627956506,
            0.0,
            0.0,
            0.0,
            0.0,
            0.0,
            0.0,
            0.0,
            0.0
        ]
    ],
    "10": [
        [
            0.07880661029970636,
            0.3063921932537476,
            0.16368931830302152,
            -0.0188742676269122,
            -0.07262934440171445,
            -0.002144482615560203,
            -0.03710224546303954,
            -0.022778770542933723,
            0.0,
            0.0,
            0.0,
            0.0,
            0.0,
            0.0,
            0.0,
            0.0
        ]
    ],
    "11": [
        [
            0.15680178851957116,
            0.30354429258381277,
            0.1223492524939093,
            -0.020434076019857996,
            -0.04860723995052227,
            -0.03151786064482765,
            -0.04618904007273084,
            -0.039388643551281924,
            0.0,
            0.0,
            0.0,
            0.0,
            0.0,
            0.0,
            0.0,
            0.0
        ]
    ],
    "12": [
        [
            0.15278693056164716,
            0.10375997685490732,
            0.15547269819285592,
            0.031139717191477234,
            -0.032340340004451525,
            -0.01740611801554862,
            -0.03921619257011984,
            -0.029707052673493734,
            0.0,
            0.0,
            0.0,
            0.0,
            0.0,
            0.0,
            0.0,
            0.0
        ]
    ],
    "13": [
        [
            0.09615042256919804,
            0.03826743117416243,
            0.08682835048149204,
            0.05132424310775699,
            0.0038360506298221637,
            -0.011008834880901952,
            -0.029208624389891198,
            -0.021335958458239372,
            0.0,
            0.0,
            0.0,
            0.0,
            0.0,
            0.0,
            0.0,
            0.0
        ]
    ],
    "14": [
        [
            0.07852828610590204,
            -0.052137656363940646,
            0.18455445083105781,
            0.045462725909965244,
            0.03422721040487051,
            -0.04472624956074839,
            -0.02397177057104118,
            -0.030061884003934773,
            0.0,
            0.0,
            0.0,
            0.0,
            0.0,
            0.0,
            0.0,
            0.0
        ]
    ],
    "15": [
        [
            0.2385059821700075,
            -0.9539569039454481,
            -0.09688883180112627,
            0.05303329784939073,
            0.1409213991614898,
            0.05469241035545416,
            0.041919787613712386,
            0.050620165429752735,
            0.0,
            0.0,
            0.0,
            0.0,
            0.0,
            0.0,
            0.0,
            0.0
        ]
    ],
    "16": [
        [
            0.12852162402126704,
            -0.2827991019166941,
            -0.16859349322199568,
            -0.09711224524800882,
            0.07314703330723146,
            0.08860796140934281,
            -0.029565117912218462,
            0.024321836822948036,
            0.0,
            0.0,
            0.0,
            0.0,
            0.0,
            0.0,
            0.0,
            0.0
        ]
    ],
    "17": [
        [
            0.10470849756599546,
            -0.4707831492412974,
            -0.0010867019942556282,
            0.08046163795747491,
            0.07020429902245263,
            -0.04119048423995718,
            -0.0015704697290560565,
            0.022581250645305924,
            0.0,
            0.0,
            0.0,
            0.0,
            0.0,
            0.0,
            0.0,
            0.0
        ]
    ]
}