{
    "1": [
        [
            0.17004606079077877,
            -0.1237713485224838,
            0.009436441304687467,
            0.2569393718226597,
            0.042006084947925286,
            -0.05418832913056878,
            -0.0730900930716671,
            0.004027451037402974,
            -0.01595341883195233,
            -0.01462140179199871,
            -0.010082372859972306,
            -0.011128504362471385,
            -0.013483073195443973,
            -0.004007316545251292,
            0.0,
            0.0,
            0.0,
            0.0,
            0.0,
            0.0,
            0.0,
            0.0,
            0.0,
            0.0,
            0.0,
            0.0,
            0.0,
            0.0
        ]
    ],
    "2": [
        [
            0.20670747044892762,
            -0.9117693242409648,
            -0.49214249004047045,
            0.37827145442466376,
            0.09819337303249538,
            0.004917605749777182,
            -0.06882259999415373,
            0.031478135165100965,
            0.06402269868446384,
            0.04102014947800665,
            0.04684090807673416,
            0.03576051658420187,
            0.03308796153314729,
            0.04214965886843116,
            0.0,
            0.0,
            0.0,
            0.0,
            0.0,
            0.0,
            0.0,
            0.0,
            0.0,
            0.0,
            0.0,
            0.0,
            0.0,
            0.0
        ]
    ],
    "3": [
        [
            0.1097960056978859,
            -0.9094791482194401,
            -0.028370973653292587,
            0.30522380661007453,
            0.020449416095438662,
            0.012726937888212409,
            -0.036001416205098384,
            0.04278633595054189,
            0.033934279252087064,
            0.02909975004232495,
            0.028925837541647292,
            0.0171316303424897,
            -0.010838373809059212,
            0.00602442659223457,
            0.0,
            0.0,
            0.0,
            0.0,
            0.0,
            0.0,
            0.0,
            0.0,
            0.0,
            0.0,
            0.0,
            0.0,
            0.0,
            0.0
        ]
    ],
    "4": [
        [
            0.1711839644199587,
            -0.8573469171664335,
            0.001879960314469258,
            0.24120431602285966,
            -0.024052088268965422,
            -0.027687680522029766,
            -0.022440236295261574,
            0.023672386383947402,
            0.0500503079330201,
            0.028286141303172075,
            0.03088894578495461,
            0.009044009069770084,
            0.029069784204628784,
            0.036956757812404976,
            0.0,
            0.0,
            0.0,
            0.0,
            0.0,
            0.0,
            0.0,
            0.0,
            0.0,
            0.0,
            0.0,
            0.0,
            0.0,
            0.0
        ]
    ],
    "5": [
        [
            0.1216448956435516,
            -0.9669194733631419,
            0.0314960857258125,
            0.05475145250195099,
            -0.021341843297123575,
            0.0038815529769343255,
            0.021550665184922647,
            0.030132369681170557,
            0.06218703167504602,
            0.03561881367969113,
            0.0518987106921779,
            0.021833251862749124,
            0.03800804088247054,
            0.02873517180434344,
            0.0,
            0.0,
            0.0,
            0.0,
            0.0,
            0.0,
            0.0,
            0.0,
            0.0,
            0.0,
            0.0,
            0.0,
            0.0,
            0.0
        ]
    ],
    "6": [
        [
            0.1992944973438642,
            -0.9707305603772992,
            0.09593668735493086,
            0.09222347462311754,
            -0.04263356472936292,
            -0.009319208937123053,
            0.015515023826096815,
            0.025499846138690958,
            0.06180278341470474,
            0.029820612733840998,
            0.03870185536640968,
            0.010125499184440294,
            0.03562149853079033,
            0.02303757846660669,
            0.0,
            0.0,
            0.0,
            0.0,
            0.0,
            0.0,
            0.0,
            0.0,
            0.0,
            0.0,
            0.0,
            0.0,
            0.0,
            0.0
        ]
    ],
    "7": [
        [
            0.3133377912668802,
            -0.3289602975877348,
            -0.17073999473263474,
            -0.009820910043892789,
            -0.034891144215908124,
            0.019699567001277233,
            0.018796002656030198,
            -0.004134691561476532,
            0.047770045920328116,
            0.007591673913780725,
            0.01577625430490145,
            -0.011713027598616416,
            0.018334274671798382,
            0.002708785319224515,
            0.0,
            0.0,
            0.0,
            0.0,
            0.0,
            0.0,
            0.0,
            0.0,
            0.0,
            0.0,
            0.0,
            0.0,
            0.0,
            0.0
        ]
    ],
    "8": [
        [
            0.15486330301594323,
            0.048399622998836135,
            -0.15609794013087208,
            0.018849028967686796,
            -2.4137995967070934e-05,
            0.003676680472809754,
            -0.005302191571406595,
            -0.01636176508436916,
            0.029079950216402327,
            -0.00027315811153707327,
            -0.0020823938032115043,
            -0.013105165572646786,
            -0.00013840225390786672,
            -0.008616542975469462,
            0.0,
            0.0,
            0.0,
            0.0,
            0.0,
            0.0,
            0.0,
            0.0,
            0.0,
            0.0,
            0.0,
            0.0,
            0.0,
            0.0
        ]
    ],
    "9": [
        [
            0.10487830859492937,
            0.5492460664144242,
            -0.17982407769367864,
            0.06047445291717285,
            -0.007659848523621282,
            -0.003087568462890681,
            -0.028171269028309777,
            -0.04656236682654894,
            0.0017641041426137544,
            -0.01746142878209472,
            -0.028017441023039834,
            -0.03422404071833194,
            -0.019321332919513965,
            -0.021416027501828503,
            0.0,
            0.0,
            0.0,
            0.0,
            0.0,
            0.0,
            0.0,
            0.0,
            0.0,
            0.0,
            0.0,
            0.0,
            0.0,
            0.0
        ]
    ],
    "10": [
        [
            0.10890299362150668,
            0.9234975590685899,
            -0.3530612462882108,
            -0.009960642693448488,
            0.03411920134718958,
            0.03661308356425295,
            -0.043765388825318996,
            -0.08302736995597366,
            0.0037607342455808607,
            -0.021538698483479005,
            -0.031407604120394096,
            -0.04856139861827776,
            -0.025182987381554094,
            -0.030482071181496182,
            0.0,
            0.0,
            0.0,
            0.0,
            0.0,
            0.0,
            0.0,
            0.0,
            0.0,
            0.0,
            0.0,
            0.0,
            0.0,
            0.0
        ]
    ],