{
    "1": [
        [
            0.16770337632359852,
            0.04085864237012257,
            -0.09757287689982067,
            0.06659348419370045,
            -0.032138065263015145,
            0.0033540680861650933,
            -0.008720575310607354,
            -0.016038541044426067,
            0.0027442371329843085,
            -0.018965727477651944,
            -0.004939626264703381,
            0.0,
            0.0,
            0.0,
            0.0,
            0.0,
            0.0,
            0.0,
            0.0,
            0.0,
            0.0,
            0.0
        ]
    ],
    "2": [
        [
            0.15340908549313267,
            0.239903769712493,
            -0.15121913768763826,
            0.08133018694405274,
            0.0535418682504149,
            -0.07335494526143357,
            0.012760381470963544,
            -0.023848116141214817,
            -0.01958028597238643,
            -0.028400467917725287,
            -0.019200923363149,
            0.0,
            0.0,
            0.0,
            0.0,
            0.0,
            0.0,
            0.0,
            0.0,
            0.0,
            0.0,
            0.0
        ]
    ],
    "3": [
        [
            0.08371360014478506,
            0.387619862065714,
            -0.1796653031249827,
            -0.004079368232685918,
            0.053830789134901184,
            -0.05613015060027302,
            0.002365944639843147,
            -0.022438743593573417,
            -0.019216087448347196,
            -0.040895775227743965,
            0.002561256022256036,
            0.0,
            0.0,
            0.0,
            0.0,
            0.0,
            0.0,
            0.0,
            0.0,
            0.0,
            0.0,
            0.0
        ]
    ],
    "4": [
        [
            0.1447686073932511,
            0.3598109153661591,
            -0.06422776676680027,
            -0.04599318414892135,
            0.0874530044946534,
            -0.10132570885087429,
            0.010016490295873318,
            -0.02437286981347078,
            -0.03544904891367134,
            -0.024179399422957288,
            -0.026259206004562493,
            0.0,
            0.0,
            0.0,
            0.0,
            0.0,
            0.0,
            0.0,
            0.0,
            0.0,
            0.0,
            0.0
        ]
    ],
    "5": [
        [
            0.09533970087035083,
            0.29633907257779024,
            0.056772597424820895,
            -0.07652320311205006,
            0.11342682718499088,
            -0.09742544562356094,
            0.008422959886626231,
            -0.02395088941590407,
            -0.034296445257826824,
            -0.021487661812319515,
            -0.025710337591921095,
            0.0,
            0.0,
            0.0,
            0.0,
            0.0,
            0.0,
            0.0,
            0.0,
            0.0,
            0.0,
            0.0
        ]
    ],
    "6": [
        [
            0.1699434551278087,
            0.4733933838883373,
            0.028092655805680402,
            -0.0959364851137666,
            0.10877180424127304,
            -0.13350647363271986,
            0.00641766142639841,
            -0.026456082718637343,
            -0.05625920231845651,
            -0.026937749715712476,
            -0.035908789270747976,
            0.0,
            0.0,
            0.0,
            0.0,
            0.0,
            0.0,
            0.0,
            0.0,
            0.0,
            0.0,
            0.0
        ]
    ],
    "7": [
        [
            0.27785463809017197,
            0.3600784706974413,
            -0.000711577097139169,
            -0.0653787330633019,
            0.11443107007984178,
            -0.13794640273805606,
            0.012748552402296246,
            -0.03333776731993901,
            -0.0602580309754227,
            -0.024120503189227423,
            -0.029533817051163744,
            0.0,
            0.0,
            0.0,
            0.0,
            0.0,
            0.0,
            0.0,
            0.0,
            0.0,
            0.0,
            0.0
        ]
    ],
    "8": [
        [
            0.1407368490697329,
            0.08890526092066221,
            -0.03206315913782666,
            0.005873684793848302,
            0.04246315827979495,
            -0.07092631512866569,
            0.02271578928841998,
            -0.00802105290428948,
            -0.026042105607550846,
            -0.005536842603098867,
            -0.014926316077683383,
            0.0,
            0.0,
            0.0,
            0.0,
            0.0,
            0.0,
            0.0,
            0.0,
            0.0,
            0.0,
            0.0
        ]
    ],
    "9": [
        [
            0.10661612785902848,
            -0.17925946824702393,
            -0.009653675746945244,
            0.0426195818885886,
            0.019604734699400567,
            -0.055151999373761515,
            0.028173032771023416,
            0.015652690637084143,
            -0.017192447935072273,
            0.007582550491365088,
            0.011235700543197287,
            0.0,
            0.0,
            0.0,
            0.0,
            0.0,
            0.0,
            0.0,
            0.0,
            0.0,
            0.0,
            0.0
        ]
    ],
    "10": [
        [
            0.11579374970063906,
            -0.48004722594156524,
            0.02313132492021067,
            0.10254087300166828,
            0.029919385920617388,
            -0.027294274408962926,
            0.04726665468082171,
            0.02819543426052076,
            -0.012532936398532589,
            0.021299625757489025,
            0.01849820326209406,
            0.0,
            0.0,
            0.0,
            0.0,
            0.0,
            0.0,
            0.0,
            0.0,
            0.0,
            0.0,
            0.0
        ]
    ],
    "11": [
        [
            0.2018006099984963,
            -0.4967424915506524,
            0.0471689170823414,
            0.07317535864570929,
            -0.003754698611704617,
            0.005958004914315413,
            0.017486167200000954,
            0.020753992781134316,
            -0.005297838650552546,
            0.01821235107639621,
            0.01117744861552306,
            0.0,
            0.0,
            0.0,
            0.0,
            0.0,
            0.0,
            0.0,
            0.0,
            0.0,
            0.0,
            0.0
        ]
    ],
    "12": [
        [
            0.20912785079615953,
            -0.622722022269789,
            -0.018329579417530273,
            0.12234379347699531,
            -0.055287785862509015,
            0.026658811106410062,
            0.020466860640391868,
            0.0447509158058727,
            -0.002172458951297969,
            0.028303547727938926,
            0.023369337397691026,
            0.0,
            0.0,
            0.0,
            0.0,
            0.0,
            0.0,
            0.0,
            0.0,
            0.0,
            0.0,
            0.0
        ]
    ],
    "13": [
        [
            0.15353313317014414,
            -0.9365406684069472,
            0.11811613520099358,
            0.11426817109300336,
            -0.03792281220243735,
            0.06691463147713378,
            0.01555606206371024,
            0.05796221872283651,
            0.01673401189459994,
            0.03691620049490176,
            0.0342461833074181,
            0.0,
            0.0,
            0.0,
            0.0,
            0.0,
            0.0,
            0.0,
            0.0,
            0.0,
            0.0,
            0.0
        ]
    ],