{
    "1": [
        [
            0.15047873200579304,
            0.4664574706406109,
            0.049064143699958825,
            -0.10110721460142491,
            0.09123414640153282,
            -0.07449990688686182,
            -0.006961755354147209,
            -0.04809355226137913,
            -0.022311289720279865,
            -0.03620630932863284,
            -0.033267128555152986,
            -0.027229361739431277,
            0.0,
            0.0,
            0.0,
            0.0,
            0.0,
            0.0,
            0.0,
            0.0,
            0.0,
            0.0,
            0.0,
            0.0
        ]
    ],
    "2": [
        [
            0.1396621684399404,
            -0.4044950131201266,
            0.3359461759454792,
            -0.15879969107422798,
            0.08208045987675541,
            -0.06025460628728939,
            0.0042903697007280195,
            0.017447145327077588,
            0.010950384537946865,
            0.0025274010602515024,
            -0.007403544768335841,
            0.01643472346679898,
            0.0,
            0.0,
            0.0,
            0.0,
            0.0,
            0.0,
            0.0,
            0.0,
            0.0,
            0.0,
            0.0,
            0.0
        ]
    ],
    "3": [
        [
            0.09040019816919209,
            -0.08302427263596014,
            0.07895718182926932,
            -0.0911377127428723,
            0.04459390755695554,
            -0.059982252598585944,
            0.021650016126739145,
            -0.0011382638048294488,
            0.011347117164951608,
            -0.016180814588215527,
            -0.015252432920830717,
            0.0014046443636283987,
            0.0,
            0.0,
            0.0,
            0.0,
            0.0,
            0.0,
            0.0,
            0.0,
            0.0,
            0.0,
            0.0,
            0.0
        ]
    ],
    "4": [
        [
            0.16376625739363088,
            -0.4337583310498784,
            0.0378779389163669,
            0.04070599509158233,
            -0.007977516532030719,
            -0.01701589513241769,
            3.476060050630151e-05,
            0.037494910340335474,
            -0.0001691761407492734,
            0.0077681588883777965,
            0.0034366903403238074,
            0.02420340841295196,
            0.0,
            0.0,
            0.0,
            0.0,
            0.0,
            0.0,
            0.0,
            0.0,
            0.0,
            0.0,
            0.0,
            0.0
        ]
    ],
    "5": [
        [
            0.12875238289752258,
            -0.586246936310397,
            -0.039089767016507376,
            0.06487148461216424,
            -0.018145593513170244,
            0.01938413049509759,
            0.010201291268069077,
            0.05307840282226624,
            0.013888399945504164,
            0.02666372443190356,
            0.015856822642328218,
            0.027457818910397856,
            0.0,
            0.0,
            0.0,
            0.0,
            0.0,
            0.0,
            0.0,
            0.0,
            0.0,
            0.0,
            0.0,
            0.0
        ]
    ],
    "6": [
        [
            0.21193476454752652,
            -0.5899304816240295,
            -0.0580240697867469,
            0.1256160461948087,
            -0.03925113830299534,
            0.032558168078777386,
            -0.005554559654895777,
            0.061600636804814625,
            0.0033439250943113107,
            0.018231023741247264,
            0.0098759625927212,
            0.017315290084649,
            0.0,
            0.0,
            0.0,
            0.0,
            0.0,
            0.0,
            0.0,
            0.0,
            0.0,
            0.0,
            0.0,
            0.0
        ]
    ],
    "7": [
        [
            0.3201858398959888,
            -0.5756880409475953,
            -0.04010756788303763,
            0.17197529766501585,
            -0.09786052149329458,
            0.03969033688819373,
            -0.029022030008350297,
            0.06313550671632712,
            -0.016349079462167362,
            0.014980399134926764,
            0.007602000821225686,
            0.01624850456705612,
            0.0,
            0.0,
            0.0,
            0.0,
            0.0,
            0.0,
            0.0,
            0.0,
            0.0,
            0.0,
            0.0,
            0.0
        ]
    ],
    "8": [
        [
            0.16250861481182743,
            -0.1998336125114797,
            -0.06947289656520167,
            0.13450757328292018,
            -0.08033676695088113,
            0.021631788838032216,
            -0.03402864631776617,
            0.03746606317987533,
            -0.013913284330632335,
            0.007733053615491184,
            -0.001661524932476734,
            0.001430814497413857,
            0.0,
            0.0,
            0.0,
            0.0,
            0.0,
            0.0,
            0.0,
            0.0,
            0.0,
            0.0,
            0.0,
            0.0
        ]
    ],
    "9": [
        [
            0.11682085582310432,
            0.13669609178637618,
            -0.12785023273299423,
            0.15179450585797283,
            -0.08936542761640123,
            0.024893469798885348,
            -0.0628996788718445,
            0.029774856803464412,
            -0.022874049486541898,
            -0.010790944589236448,
            -0.01669573299101587,
            -0.00698838080437722,
            0.0,
            0.0,
            0.0,
            0.0,
            0.0,
            0.0,
            0.0,
            0.0,
            0.0,
            0.0,
            0.0,
            0.0
        ]
    ],
    "10": [
        [
            0.11292634296534955,
            -0.13599829033263178,
            0.010345930419935364,
            0.1344390633204858,
            -0.11738143258992437,
            0.027572481736646937,
            -0.0844290849700981,
            0.056333924647067615,
            -0.019507612006024404,
            -0.001111852448878532,
            -0.004663849484776332,
            0.009575180527720505,
            0.0,
            0.0,
            0.0,
            0.0,
            0.0,
            0.0,
            0.0,
            0.0,
            0.0,
            0.0,
            0.0,
            0.0
        ]
    ],
    "11": [
        [
            0.18751128014237034,
            -0.05939276658122986,
            0.06692959195844417,
            0.03668777169999392,
            -0.08518241283767206,
            0.0028114591343173603,
            -0.05448481022403019,
            0.022816990921635572,
            -0.015898122484711417,
            -0.0070872973879614835,
            -0.006126195709348156,
            -0.004536125944189307,
            0.0,
            0.0,
            0.0,
            0.0,
            0.0,
            0.0,
            0.0,
            0.0,
            0.0,
            0.0,
            0.0,
            0.0
        ]
    ],
    "12": [
        [
            0.17296980989354022,
            0.7154932930100413,
            0.12812393953757656,
            0.033244519917104684,
            -0.11679443020171867,
            0.031086986700993635,
            -0.1313242734345171,
            -0.006349712899485591,
            -0.056953401151912234,
            -0.04947011532550147,
            -0.057874079498005285,
            -0.04531969597677778,
            0.0,
            0.0,
            0.0,
            0.0,
            0.0,
            0.0,
            0.0,
            0.0,
            0.0,
            0.0,
            0.0,
            0.0
        ]
    ],