{
    "1": [
        [
            0.17241672407085148,
            -0.5581601934582545,
            0.0701481548994228,
            0.22303266058856688,
            0.2362659795134708,
            -0.0237657355219677,
            0.07112388293439594,
            -0.02510736157005577,
            -0.06602698583906441,
            0.017763720631544282,
            -0.006385566394831246,
            0.011177550807540097,
            -0.0073612951282963305,
            -0.01803332865988762,
            0.007823483824674788,
            -0.014801226750071353,
            -0.00937373583024294,
            0.008128398835603897,
            -0.004495091930086914,
            0.0,
            0.0,
            0.0,
            0.0,
            0.0,
            0.0,
            0.0,
            0.0,
            0.0,
            0.0,
            0.0,
            0.0,
            0.0,
            0.0,
            0.0,
            0.0,
            0.0,
            0.0,
            0.0
        ]
    ],
    "2": [
        [
            0.12428868878525556,
            0.27774090636414345,
            0.78561265338105,
            0.13367792535466014,
            0.34906108248871626,
            -0.037509483845114044,
            -0.06937594767767127,
            0.026318285054386322,
            -0.1452484844263189,
            -0.0871111532683962,
            -0.024705993571459608,
            -0.014368359559356522,
            -0.04481221558633384,
            -0.04945940807336131,
            -0.04500189665812191,
            -0.06159901395547326,
            -0.05827959030973845,
            -0.03788884692001281,
            -0.04699355070586442,
            0.0,
            0.0,
            0.0,
            0.0,
            0.0,
            0.0,
            0.0,
            0.0,
            0.0,
            0.0,
            0.0,
            0.0,
            0.0,
            0.0,
            0.0,
            0.0,
            0.0,
            0.0,
            0.0
        ]
    ],
    "3": [
        [
            0.07674496209763576,
            -0.026380037809231954,
            0.48826842343949367,
            0.046276215077868,
            0.2579949680581003,
            -0.006555818407306159,
            -0.007727694152364201,
            0.049889493347635774,
            -0.0631964434073061,
            -0.04298160077489322,
            -0.02052066327489323,
            -0.017005037902364226,
            -0.029212069152364246,
            -0.019641756466099686,
            -0.026868319175647287,
            -0.04337222540236419,
            -0.06749331989742229,
            -0.04278628752983517,
            0.01102230659269381,
            0.0,
            0.0,
            0.0,
            0.0,
            0.0,
            0.0,
            0.0,
            0.0,
            0.0,
            0.0,
            0.0,
            0.0,
            0.0,
            0.0,
            0.0,
            0.0,
            0.0,
            0.0,
            0.0
        ]
    ],
    "4": [
        [
            0.13645007544638293,
            0.4420848869669594,
            0.5339349591124214,
            -0.1695716894280753,
            0.1917342328417458,
            -0.008314133719786251,
            -0.04855597215263467,
            0.07797364973904271,
            -0.06345319105802395,
            -0.09329599803803777,
            -0.02306625070540531,
            -0.031772417580022604,
            -0.03177241758002261,
            -0.01450518621621947,
            -0.04284859644739247,
            -0.04420288941381793,
            -0.03191752019828478,
            -0.031143638869061314,
            -0.022389104687853878,
            0.0,
            0.0,
            0.0,
            0.0,
            0.0,
            0.0,
            0.0,
            0.0,
            0.0,
            0.0,
            0.0,
            0.0,
            0.0,
            0.0,
            0.0,
            0.0,
            0.0,
            0.0,
            0.0
        ]
    ],
    "5": [
        [
            0.08631112233763956,
            0.679315550187886,
            0.4556544850862624,
            -0.24946198060148922,
            0.11073227033978723,
            -0.04255086609134053,
            -0.06535331538850042,
            0.10580581233865048,
            -0.037202143640905364,
            -0.09054861410492637,
            -0.01552574156755186,
            -0.034668538202248314,
            -0.03558345128055265,
            -0.00785454741650796,
            -0.04318426742190093,
            -0.044239936461388775,
            -0.03354249132768782,
            -0.041847087042122824,
            -0.026575076458692302,
            0.0,
            0.0,
            0.0,
            0.0,
            0.0,
            0.0,
            0.0,
            0.0,
            0.0,
            0.0,
            0.0,
            0.0,
            0.0,
            0.0,
            0.0,
            0.0,
            0.0,
            0.0,
            0.0
        ]
    ],
    "6": [
        [
            0.18020825288151268,
            0.6349015106901977,
            0.2344559600100374,
            -0.3225312361970089,
            0.13625619015549184,
            -0.08904335447694298,
            -0.06285273456121919,
            0.12337160310600756,
            -0.03317003171066876,
            -0.09343856372977728,
            -0.0016810799493932312,
            -0.029316698993697106,
            -0.02311524199429091,
            0.0033162107214784946,
            -0.04575357013489243,
            -0.034916072945251404,
            -0.025824616466324106,
            -0.03569878065134525,
            -0.007641702751769966,
            0.0,
            0.0,
            0.0,
            0.0,
            0.0,
            0.0,
            0.0,
            0.0,
            0.0,
            0.0,
            0.0,
            0.0,
            0.0,
            0.0,
            0.0,
            0.0,
            0.0,
            0.0,
            0.0
        ]
    ],
    "7": [
        [
            0.30681478126490747,
            0.11588572605097919,
            0.16094791038478048,
            -0.31059561030423,
            0.061459979848510364,
            -0.158730217380875,
            -0.0558772581950363,
            0.1489508364960018,
            0.029419011311179737,
            -0.0765063698724445,
            0.013617987619287108,
            -0.009790937890724495,
            -0.010229855202564274,
            0.021518499465233407,
            -0.03144419298922387,
            -0.017252532890492358,
            0.00279135896409187,
            -0.018569284243935006,
            0.0064490035786691395,
            0.0,
            0.0,
            0.0,
            0.0,
            0.0,
            0.0,
            0.0,
            0.0,
            0.0,
            0.0,
            0.0,
            0.0,
            0.0,
            0.0,
            0.0,
            0.0,
            0.0,
            0.0,
            0.0
        ]
    ],