{
    "1": [
        [
            0.1959899811795367,
            -0.28858131181686986,
            -0.31266960513084996,
            -0.09587487589806187,
            -0.012694001311956526,
            0.06432758632809056,
            -0.014218580091892372,
            0.01999291085166987,
            0.023773859606535545,
            0.02273714787088465,
            0.016150978978203064,
            0.012309046813697929,
            0.028591520038844475,
            0.0065766404172791365,
            0.024810571575017107,
            0.020236843035036152,
            0.0,
            0.0,
            0.0,
            0.0,
            0.0,
            0.0,
            0.0,
            0.0,
            0.0,
            0.0,
            0.0,
            0.0,
            0.0,
            0.0,
            0.0,
            0.0
        ]
    ],
    "2": [
        [
            0.20876505004889623,
            -0.4481962419795309,
            -0.3752637900161062,
            -0.3234807647513662,
            -0.034690941100052435,
            -0.0063335768627439774,
            0.09562013822323936,
            0.02031664981223001,
            0.013203600074120907,
            0.06802150386101857,
            0.040328030592718264,
            0.04061255243323108,
            0.03681892587519542,
            0.02031664981223006,
            0.04525974544412747,
            0.04184548149532928,
            0.0,
            0.0,
            0.0,
            0.0,
            0.0,
            0.0,
            0.0,
            0.0,
            0.0,
            0.0,
            0.0,
            0.0,
            0.0,
            0.0,
            0.0,
            0.0
        ]
    ],
    "3": [
        [
            0.12865905732178362,
            -0.4023956182572874,
            -0.5124542239282164,
            0.0059051503267255525,
            0.010885619449254584,
            0.039010620566841674,
            0.0721160870816675,
            0.016549682135519116,
            0.022018432275217496,
            0.04125671357178362,
            0.02153015102521752,
            0.034323119449254605,
            0.017233276164915875,
            0.045553588199254605,
            0.04174499482178362,
            0.03647155769431264,
            0.0,
            0.0,
            0.0,
            0.0,
            0.0,
            0.0,
            0.0,
            0.0,
            0.0,
            0.0,
            0.0,
            0.0,
            0.0,
            0.0,
            0.0,
            0.0
        ]
    ],
    "4": [
        [
            0.16780834487406082,
            0.0086305917310483,
            -0.258697086658799,
            -0.01144195924746328,
            0.06033555260626145,
            -0.010619710378819036,
            0.10280229738680191,
            -0.009990931667857698,
            -0.0021553814341359577,
            0.025365779462731563,
            -0.0005592507706069158,
            0.014821643296158983,
            -0.015117896434389879,
            -0.003171100926124385,
            -0.007959492683880855,
            0.003938935517794562,
            0.0,
            0.0,
            0.0,
            0.0,
            0.0,
            0.0,
            0.0,
            0.0,
            0.0,
            0.0,
            0.0,
            0.0,
            0.0,
            0.0,
            0.0,
            0.0
        ]
    ],
    "5": [
        [
            0.1105241394730001,
            0.31138275481180244,
            -0.3268043258099169,
            0.011080124521413395,
            0.08272486097530418,
            -0.030302096983632502,
            0.08856622792200143,
            -0.019815785704395246,
            -0.017493314003786516,
            0.014880533436098627,
            -0.012496480961544862,
            0.013965620765247877,
            -0.020660321122250025,
            -0.007077380443206513,
            -0.017352558100810715,
            -0.001869413895747133,
            0.0,
            0.0,
            0.0,
            0.0,
            0.0,
            0.0,
            0.0,
            0.0,
            0.0,
            0.0,
            0.0,
            0.0,
            0.0,
            0.0,
            0.0,
            0.0
        ]
    ],
    "6": [
        [
            0.1858856598373677,
            0.4163029114242818,
            -0.19366758368050796,
            -0.06518303281700354,
            0.12772443094218033,
            -0.04314678772425398,
            0.07787193306648989,
            -0.03471762272602064,
            -0.025264916988817273,
            0.010378408664109919,
            -0.02032783445974928,
            0.004056535148265535,
            -0.0427855388734315,
            -0.010754711507615877,
            -0.02917845784759266,
            -0.0069013792563055315,
            0.0,
            0.0,
            0.0,
            0.0,
            0.0,
            0.0,
            0.0,
            0.0,
            0.0,
            0.0,
            0.0,
            0.0,
            0.0,
            0.0,
            0.0,
            0.0
        ]
    ],
    "7": [
        [
            0.2890225075552735,
            0.35295811522701115,
            -0.06094093021056324,
            -0.02582754220748026,
            0.05200713355043264,
            -0.05318672355315356,
            0.08434070873954624,
            -0.04177487228116663,
            -0.033289136887106004,
            0.007091256267813146,
            -0.02772951737097174,
            -0.0015407833834615303,
            -0.049967996366831365,
            -0.011635881439360679,
            -0.02948518661833076,
            -0.00944129522940784,
            0.0,
            0.0,
            0.0,
            0.0,
            0.0,
            0.0,
            0.0,
            0.0,
            0.0,
            0.0,
            0.0,
            0.0,
            0.0,
            0.0,
            0.0,
            0.0
        ]
    ],
    "8": [
        [
            0.12797369057261676,
            0.3390052765043947,
            0.15841579431616992,
            0.004394736084577725,
            0.028521053436634254,
            -0.013752632830801335,
            0.009068421963092994,
            -0.04078421188569337,
            -0.032152632307770546,
            -0.007900001537564079,
            -0.022678948296743336,
            -0.014173684698107526,
            -0.04204737028157979,
            -0.015605264399709998,
            -0.03518421115404635,
            -0.02381579048051209,
            0.0,
            0.0,
            0.0,
            0.0,
            0.0,
            0.0,
            0.0,
            0.0,
            0.0,
            0.0,
            0.0,
            0.0,
            0.0,
            0.0,
            0.0,
            0.0
        ]
    ],
    "9": [
        [
            0.07653453232978791,
            0.27470131250356644,
            0.32557971807455033,
            0.01376677336429566,
            0.0016781653675934632,
            0.0037704243723055506,
            -0.01565769096578152,
            -0.050595089473972635,
            -0.028875452147076437,
            -0.012934433908412752,
            -0.013465800934682207,
            -0.022166940530041764,
            -0.04900098746384174,
            -0.021270258032927803,
            -0.03395665172229201,
            -0.011572804914067078,
            0.0,
            0.0,
            0.0,
            0.0,
            0.0,
            0.0,
            0.0,
            0.0,
            0.0,
            0.0,
            0.0,
            0.0,
            0.0,
            0.0,
            0.0,
            0.0
        ]
    ],