{
    "1": [
        [
            0.18340046241306987,
            -0.33427520029318386,
            -0.039426704872199785,
            -0.16179974052223922,
            -0.10073545234125743,
            0.055740976315087294,
            -0.024306225541330155,
            0.005164591443693948,
            0.026413441657881658,
            0.02345706949973567,
            0.02598414891426921,
            0.006869243010811407,
            0.01806752691042674,
            0.01733021002473374,
            0.0027988680179057376,
            0.025574826127242267,
            0.009040652738746676,
            0.0,
            0.0,
            0.0,
            0.0,
            0.0,
            0.0,
            0.0,
            0.0,
            0.0,
            0.0,
            0.0,
            0.0,
            0.0,
            0.0,
            0.0,
            0.0,
            0.0
        ]
    ],
    "2": [
        [
            0.15021554117423253,
            0.18566231027097643,
            0.45434227441766,
            0.05271168906427902,
            -0.10057222591170312,
            0.10958604026884412,
            -0.07036337940598666,
            -0.04659209527752578,
            -0.08008243663105939,
            0.01648860158141579,
            -0.00937799334393125,
            -0.020901896376067024,
            -0.022086776648553925,
            -0.035488044702792196,
            -0.04092544414329841,
            -0.014813128507798035,
            -0.036448512200872835,
            0.0,
            0.0,
            0.0,
            0.0,
            0.0,
            0.0,
            0.0,
            0.0,
            0.0,
            0.0,
            0.0,
            0.0,
            0.0,
            0.0,
            0.0,
            0.0,
            0.0
        ]
    ],
    "3": [
        [
            0.12213325778836275,
            -0.2634436787681117,
            -0.16557774471950673,
            -0.03960748138453065,
            -0.11357729437459156,
            0.10294862854927359,
            -0.01723821246206092,
            -0.023808956030608508,
            -0.019055915284112317,
            0.02801372213533529,
            0.018966822515139144,
            0.016427691062855566,
            0.0269598096101061,
            -0.006865438749507199,
            0.0066114565498174,
            0.05649786061480087,
            0.02150166684205832,
            0.0,
            0.0,
            0.0,
            0.0,
            0.0,
            0.0,
            0.0,
            0.0,
            0.0,
            0.0,
            0.0,
            0.0,
            0.0,
            0.0,
            0.0,
            0.0,
            0.0
        ]
    ],
    "4": [
        [
            0.1801513029504957,
            0.13616348652524143,
            -0.06308504145482319,
            0.04219119228651454,
            -0.05327890144547098,
            0.029488234434388187,
            -0.06781173642247897,
            -0.026111087375644243,
            -0.07939322277224627,
            0.02375906055913337,
            -0.014115180720005555,
            0.014920753486224073,
            -0.0008817654715546336,
            -0.012347873211455173,
            -0.0067495261800734905,
            -0.010684256575365588,
            0.003614507310435606,
            0.0,
            0.0,
            0.0,
            0.0,
            0.0,
            0.0,
            0.0,
            0.0,
            0.0,
            0.0,
            0.0,
            0.0,
            0.0,
            0.0,
            0.0,
            0.0,
            0.0
        ]
    ],
    "5": [
        [
            0.13943021956343793,
            0.0003985310606778763,
            -0.1783994366739779,
            0.09999026960455962,
            -0.0873347252060638,
            0.049859790533191936,
            -0.04362749708970027,
            -0.0026869569598012414,
            -0.07193990106495272,
            0.03715921548542997,
            -0.01396079132769346,
            0.024852256859471143,
            0.010039711650279174,
            -0.0034716329169851086,
            0.0017472814802851114,
            0.0002937213868502455,
            0.0062963070733905125,
            0.0,
            0.0,
            0.0,
            0.0,
            0.0,
            0.0,
            0.0,
            0.0,
            0.0,
            0.0,
            0.0,
            0.0,
            0.0,
            0.0,
            0.0,
            0.0,
            0.0
        ]
    ],
    "6": [
        [
            0.2268367145169791,
            0.07541694015292824,
            -0.29276270321310693,
            0.18482813466098497,
            -0.03765332404936214,
            0.05192898308094511,
            -0.05681630460578551,
            0.0002633526313122045,
            -0.10381219836611724,
            0.04474449710172346,
            -0.027458763771832383,
            0.028515475225039853,
            -0.007257993588004532,
            -0.012830396627395269,
            -0.0009167408320268624,
            -0.013156074267894242,
            0.008826371860869486,
            0.0,
            0.0,
            0.0,
            0.0,
            0.0,
            0.0,
            0.0,
            0.0,
            0.0,
            0.0,
            0.0,
            0.0,
            0.0,
            0.0,
            0.0,
            0.0,
            0.0
        ]
    ],
    "7": [
        [
            0.30902089389488485,
            0.30272069116300376,
            -0.13358843758968117,
            0.29772847970730343,
            0.08530246648629419,
            0.014465355674864348,
            -0.0377925093852726,
            -0.028626561552499565,
            -0.13072731423842096,
            0.012258295394364438,
            -0.05063886340899326,
            -0.003553477067932004,
            -0.03228340567481457,
            -0.0403538811216166,
            -0.01846134053214972,
            -0.034420522178279525,
            -0.011659201332765183,
            0.0,
            0.0,
            0.0,
            0.0,
            0.0,
            0.0,
            0.0,
            0.0,
            0.0,
            0.0,
            0.0,
            0.0,
            0.0,
            0.0,
            0.0,
            0.0,
            0.0
        ]
    ],
    "8": [
        [
            0.1454122482974535,
            0.12632648880884131,
            -0.0063849644505850804,
            0.17834393959316006,
            0.08439947326226604,
            -0.0007601918857822106,
            -0.01896820423328571,
            -0.01919323629503603,
            -0.07570457678688018,
            -0.00031874316003886,
            -0.021770852295900995,
            -0.004333380311235135,
            -0.020111338383303232,
            -0.025388075191389716,
            -0.00826203466855508,
            -0.02698883489433969,
            -0.009013360908689734,
            0.0,
            0.0,
            0.0,
            0.0,
            0.0,
            0.0,
            0.0,
            0.0,
            0.0,
            0.0,
            0.0,
            0.0,
            0.0,
            0.0,
            0.0,
            0.0,
            0.0
        ]
    ],