{
    "1": [
        [
            0.17890346695309167,
            -0.20400907944316385,
            0.05205873299961571,
            -0.00770465384597298,
            -0.08637278627032755,
            -0.1367447758781385,
            0.07779357482319359,
            0.12609214980726724,
            -0.020937974633522004,
            -0.06893163274402136,
            0.014554158715658233,
            0.01278564978962426,
            0.002479515318885787,
            0.017054463667922067,
            -0.004838450414932923,
            -0.0023381454626691064,
            0.013944327762477449,
            -0.006119093926496475,
            -0.007765636848158801,
            0.007602091344200411,
            0.00626046436478976,
            -0.00203322998607872,
            0.0,
            0.0,
            0.0,
            0.0,
            0.0,
            0.0,
            0.0,
            0.0,
            0.0,
            0.0,
            0.0,
            0.0,
            0.0,
            0.0,
            0.0,
            0.0,
            0.0,
            0.0,
            0.0,
            0.0,
            0.0,
            0.0
        ]
    ],
    "2": [
        [
            0.15759931818750125,
            0.9776865722348951,
            0.24409400240686163,
            -0.607670020897124,
            -0.14702890499326962,
            -0.11819733365270871,
            0.08552041963842137,
            0.028616018008258182,
            0.05773210094478353,
            -0.11032556428406022,
            -0.06916471256706495,
            -0.02202889987099541,
            0.016950614165332157,
            0.014389916669394834,
            -0.01965788344684621,
            -0.00856152514759083,
            -0.01539005327801779,
            -0.027719339940879505,
            -0.024210235223356677,
            -0.006664711635742385,
            -0.015010690668780378,
            -0.01833011408168452,
            0.0,
            0.0,
            0.0,
            0.0,
            0.0,
            0.0,
            0.0,
            0.0,
            0.0,
            0.0,
            0.0,
            0.0,
            0.0,
            0.0,
            0.0,
            0.0,
            0.0,
            0.0,
            0.0,
            0.0,
            0.0,
            0.0
        ]
    ],
    "3": [
        [
            0.08757768133248399,
            0.5022260949906261,
            0.39148394325341296,
            -0.13253950765763214,
            -0.17580122193728379,
            -0.16046919366751605,
            -0.0002152870449870049,
            0.02136674457754202,
            0.0576948703226001,
            -0.07130903816257406,
            -0.0522660694125741,
            -0.017500443661695227,
            0.006230025827542065,
            -0.00656294329498699,
            -0.018574662405874517,
            -0.00597700635378052,
            -0.015352006260648282,
            -0.03751997529004501,
            -0.03703169404004504,
            -0.003926224731251506,
            0.006425337209954945,
            -0.01945356869079911,
            0.0,
            0.0,
            0.0,
            0.0,
            0.0,
            0.0,
            0.0,
            0.0,
            0.0,
            0.0,
            0.0,
            0.0,
            0.0,
            0.0,
            0.0,
            0.0,
            0.0,
            0.0,
            0.0,
            0.0,
            0.0,
            0.0
        ]
    ],
    "4": [
        [
            0.1529174474137769,
            0.3785039064544187,
            0.36795975538668496,
            -0.09046828476014278,
            -0.05607892674627446,
            -0.07484555346193456,
            -0.037844344128395546,
            -0.035474331204320406,
            0.09560184451517921,
            -0.055450149897958226,
            -0.09317686883034847,
            -0.015837089011917927,
            0.01816533031639912,
            -0.02488182912814162,
            -0.01622402979294498,
            -0.0006496655684961858,
            -0.027300208893145515,
            -0.02870286916616104,
            -0.016030559402431466,
            -0.02449488834711453,
            -0.018110365984036692,
            -0.005486424167181464,
            0.0,
            0.0,
            0.0,
            0.0,
            0.0,
            0.0,
            0.0,
            0.0,
            0.0,
            0.0,
            0.0,
            0.0,
            0.0,
            0.0,
            0.0,
            0.0,
            0.0,
            0.0,
            0.0,
            0.0,
            0.0,
            0.0
        ]
    ],
    "5": [
        [
            0.11032220236517208,
            0.08618257455087919,
            0.3113215740726116,
            -0.0496468294455884,
            0.07175509891964214,
            -0.10264140852235538,
            -0.06154070161722881,
            -0.05527706556462032,
            0.12840932867981214,
            -0.01670996025644523,
            -0.08244294412873968,
            -0.014105976749884905,
            0.023405461381447487,
            -0.02100301366739254,
            -0.0089683879210828,
            0.012848770986569096,
            -0.01931394376300557,
            -0.020862258230078052,
            -0.00650516031749826,
            -0.01804714063622338,
            -0.01072783609709984,
            -0.0032677754803774953,
            0.0,
            0.0,
            0.0,
            0.0,
            0.0,
            0.0,
            0.0,
            0.0,
            0.0,
            0.0,
            0.0,
            0.0,
            0.0,
            0.0,
            0.0,
            0.0,
            0.0,
            0.0,
            0.0,
            0.0,
            0.0,
            0.0
        ]
    ],
    "6": [
        [
            0.18819889143601773,
            0.04990037993089076,
            0.4916488201965463,
            0.009922058289207192,
            0.04634809211388943,
            -0.04866063877447728,
            -0.07768104880555757,
            -0.07160000785692815,
            0.12702724054948208,
            -0.02102501879885082,
            -0.11525103732451084,
            -0.017653352962538945,
            0.024673097734607432,
            -0.033006474408053196,
            -0.008200646410428307,
            0.004683933188475353,
            -0.03800376601024749,
            -0.029815433579229153,
            -0.008682313407503448,
            -0.026263142968260086,
            -0.017653352962538945,
            -0.004347314159117966,
            0.0,
            0.0,
            0.0,
            0.0,
            0.0,
            0.0,
            0.0,
            0.0,
            0.0,
            0.0,
            0.0,
            0.0,
            0.0,
            0.0,
            0.0,
            0.0,
            0.0,
            0.0,
            0.0,
            0.0,
            0.0,
            0.0
        ]
    ],