{
    "1": [
        [
            0.13007683667819947,
            -0.034272471559233963,
            0.0,
            0.0
        ]
    ],
    "2": [
        [
            0.14316198328742757,
            -0.08360204746713862,
            0.0,
            0.0
        ]
    ],
    "3": [
        [
            0.08037109405267984,
            -0.05947265669237822,
            0.0,
            0.0
        ]
    ],
    "4": [
        [
            0.1442684410867514,
            -0.10182587515737396,
            0.0,
            0.0
        ]
    ],
    "5": [
        [
            0.10813568790763384,
            -0.0846294585862779,
            0.0,
            0.0
        ]
    ],
    "6": [
        [
            0.17794568787212484,
            -0.12550424088840373,
            0.0,
            0.0
        ]
    ],
    "7": [
        [
            0.2581931344466284,
            -0.1576079063815996,
            0.0,
            0.0
        ]
    ],
    "8": [
        [
            0.12810526831890456,
            -0.08355789587949403,
            0.0,
            0.0
        ]
    ],
    "9": [
        [
            0.08888778323307633,
            -0.07288034399971366,
            0.0,
            0.0
        ]
    ],
    "10": [
        [
            0.08468914672266692,
            -0.058398877386935055,
            0.0,
            0.0
        ]
    ],
    "11": [
        [
            0.14371624775230885,
            -0.052126357331871986,
            0.0,
            0.0
        ]
    ],
    "12": [
        [
            0.13764996093232185,
            -0.04481907875742763,
            0.0,
            0.0
        ]
    ],
    "13": [
        [
            0.08080728832283057,
            -0.0058112133701797575,
            0.0,
            0.0
        ]
    ],
    "14": [
        [
            0.0721142961847363,
            0.01889787607069593,
            0.0,
            0.0
        ]
    ],
    "15": [
        [
            0.15796795565256616,
            -0.004510960694460664,
            0.0,
            0.0
        ]
    ],
    "16": [
        [
            0.08575727400602773,
            -0.029714143078308553,
            0.0,
            0.0
        ]
    ],
    "17": [
        [
            0.06422986625693738,
            0.01641641347669065,
            0.0,
            0.0
        ]
    ]
}