{
    "1": [
        [
            0.1311666022965786,
            -0.06717655598183893,
            0.0,
            0.0
        ]
    ],
    "2": [
        [
            0.13023334957397664,
            -0.05735664184121685,
            0.0,
            0.0
        ]
    ],
    "3": [
        [
            0.07582257174186272,
            -0.030464443194000313,
            0.0,
            0.0
        ]
    ],
    "4": [
        [
            0.12936603157786647,
            -0.07725842010194336,
            0.0,
            0.0
        ]
    ],
    "5": [
        [
            0.08717622397538516,
            -0.05031935608999303,
            0.0,
            0.0
        ]
    ],
    "6": [
        [
            0.15267848077347518,
            -0.07917573457619952,
            0.0,
            0.0
        ]
    ],
    "7": [
        [
            0.23379262487864763,
            -0.07919943027515243,
            0.0,
            0.0
        ]
    ],
    "8": [
        [
            0.11436031570109242,
            -0.040694232871629224,
            0.0,
            0.0
        ]
    ],
    "9": [
        [
            0.07814772081062711,
            -0.022137389628679047,
            0.0,
            0.0
        ]
    ],
    "10": [
        [
            0.07443190452944952,
            0.014293825074547854,
            0.0,
            0.0
        ]
    ],
    "11": [
        [
            0.14277087749837983,
            -0.01618294608244337,
            0.0,
            0.0
        ]
    ],
    "12": [
        [
            0.13856762681548843,
            0.017587243147513865,
            0.0,
            0.0
        ]
    ],
    "13": [
        [
            0.08739837633939126,
            0.027524844734839807,
            0.0,
            0.0
        ]
    ],
    "14": [
        [
            0.08518680642825303,
            0.020537676327160706,
            0.0,
            0.0
        ]
    ],
    "15": [
        [
            0.18157795202923122,
            -0.07164014350565039,
            0.0,
            0.0
        ]
    ],
    "16": [
        [
            0.09752828142413676,
            -0.1250499570979951,
            0.0,
            0.0
        ]
    ],
    "17": [
        [
            0.08723386957528326,
            -0.0114318948632159,
            0.0,
            0.0
        ]
    ]
}