{
    "1": [
        [
            0.14911375555014686,
            0.035433289353628494,
            -0.052269460782896265,
            0.0,
            0.0,
            0.0
        ]
    ],
    "2": [
        [
            0.1361038276177126,
            0.06063624872527768,
            -0.03409261341472762,
            0.0,
            0.0,
            0.0
        ]
    ],
    "3": [
        [
            0.08061815293241453,
            0.004378365534135946,
            -0.01725339430958424,
            0.0,
            0.0,
            0.0
        ]
    ],
    "4": [
        [
            0.1291144167820949,
            -0.03999748614606971,
            0.0006071514633088833,
            0.0,
            0.0,
            0.0
        ]
    ],
    "5": [
        [
            0.09070235836971259,
            -0.05751454117939989,
            0.017057230227651148,
            0.0,
            0.0,
            0.0
        ]
    ],
    "6": [
        [
            0.15874051400078248,
            -0.07882509606611732,
            0.013731997203435847,
            0.0,
            0.0,
            0.0
        ]
    ],
    "7": [
        [
            0.24494588284103108,
            -0.07342017140211671,
            -0.009796424925191944,
            0.0,
            0.0,
            0.0
        ]
    ],
    "8": [
        [
            0.11486488348841463,
            -0.008720994809808286,
            -0.0043416116232392376,
            0.0,
            0.0,
            0.0
        ]
    ],
    "9": [
        [
            0.07668132861446034,
            0.015469404775556167,
            -0.01035904255999838,
            0.0,
            0.0,
            0.0
        ]
    ],
    "10": [
        [
            0.0721030606365853,
            0.05464194752685553,
            -0.017517034821963554,
            0.0,
            0.0,
            0.0
        ]
    ],
    "11": [
        [
            0.15472072812792606,
            0.0163056890447383,
            -0.041705643497998386,
            0.0,
            0.0,
            0.0
        ]
    ],
    "12": [
        [
            0.15265498011595777,
            0.045702103070008195,
            -0.05792986496332031,
            0.0,
            0.0,
            0.0
        ]
    ],
    "13": [
        [
            0.10275553015346742,
            0.04073592795666664,
            -0.0524150991550815,
            0.0,
            0.0,
            0.0
        ]
    ],
    "14": [
        [
            0.10661426286846853,
            0.08770883862075836,
            -0.08271740573067496,
            0.0,
            0.0,
            0.0
        ]
    ],
    "15": [
        [
            0.20796750429323344,
            -0.03694548228584477,
            -0.06962272002375222,
            0.0,
            0.0,
            0.0
        ]
    ],
    "16": [
        [
            0.09728836700671017,
            -0.013733817577462382,
            -0.029589323332809142,
            0.0,
            0.0,
            0.0
        ]
    ],
    "17": [
        [
            0.11266886293097461,
            -0.031087032472924093,
            -0.05970440216727997,
            0.0,
            0.0,
            0.0
        ]
    ]
}