{
    "1": [
        [
            0.17124801527825184,
            -0.14440022755297832,
            0.006898707040818408,
            -0.00999359713750892,
            0.0,
            0.0,
            0.0,
            0.0
        ]
    ],
    "2": [
        [
            0.16990705022908514,
            -0.10588960161112482,
            -0.05685698052548105,
            0.0037462068939930725,
            0.0,
            0.0,
            0.0,
            0.0
        ]
    ],
    "3": [
        [
            0.10855712907505222,
            -0.13948974592494778,
            -0.03128662167000584,
            0.015002441388787702,
            0.0,
            0.0,
            0.0,
            0.0
        ]
    ],
    "4": [
        [
            0.16285973558478872,
            -0.06490326529092272,
            -0.08323458065933664,
            0.00929262260251562,
            0.0,
            0.0,
            0.0,
            0.0
        ]
    ],
    "5": [
        [
            0.12333732041224721,
            -0.08962629047528027,
            -0.06942782608166453,
            0.025863889033644234,
            0.0,
            0.0,
            0.0,
            0.0
        ]
    ],
    "6": [
        [
            0.19384821070343605,
            -0.04301131950705895,
            -0.10960171805709251,
            0.010333252455893675,
            0.0,
            0.0,
            0.0,
            0.0
        ]
    ],
    "7": [
        [
            0.26812364126817556,
            0.08582662011758657,
            -0.14767739956005244,
            -0.02448792976065306,
            0.0,
            0.0,
            0.0,
            0.0
        ]
    ],
    "8": [
        [
            0.12685263736057095,
            0.08495789600419813,
            -0.08481052683782764,
            -0.016684211586834863,
            0.0,
            0.0,
            0.0,
            0.0
        ]
    ],
    "9": [
        [
            0.07970094154006802,
            0.11304423431283794,
            -0.08206718569272198,
            -0.018967320822412155,
            0.0,
            0.0,
            0.0,
            0.0
        ]
    ],
    "10": [
        [
            0.06567179964622483,
            0.17266458080848682,
            -0.07741622446337715,
            -0.02160327514866367,
            0.0,
            0.0,
            0.0,
            0.0
        ]
    ],
    "11": [
        [
            0.14466369019646663,
            0.13535946475167296,
            -0.0511789148877142,
            -0.043145510295289576,
            0.0,
            0.0,
            0.0,
            0.0
        ]
    ],
    "12": [
        [
            0.13912538698787102,
            0.13690015188331017,
            -0.043343652701878455,
            -0.04450464361434569,
            0.0,
            0.0,
            0.0,
            0.0
        ]
    ],
    "13": [
        [
            0.08673629756231094,
            0.07000942374725128,
            0.00011779586930060759,
            -0.03333595146978041,
            0.0,
            0.0,
            0.0,
            0.0
        ]
    ],
    "14": [
        [
            0.07079144588351483,
            0.15605865440011257,
            0.01757502576947445,
            -0.05574873348086839,
            0.0,
            0.0,
            0.0,
            0.0
        ]
    ],
    "15": [
        [
            0.22258641964799608,
            -0.21535623424642839,
            0.060107503300969256,
            -0.0301960369288281,
            0.0,
            0.0,
            0.0,
            0.0
        ]
    ],
    "16": [
        [
            0.12431043467950076,
            -0.1866223729448393,
            0.008839017595164478,
            -0.027394685079343603,
            0.0,
            0.0,
            0.0,
            0.0
        ]
    ],
    "17": [
        [
            0.0980833129142411,
            -0.06514669273747131,
            0.05026986013399437,
            -0.055321064486633986,
            0.0,
            0.0,
            0.0,
            0.0
        ]
    ]
}